AREA,AREA_NAME,teleworkable_manual_emp,teleworkable_manual_wage,teleworkable_emp,teleworkable_wage
10180,"Abilene, TX",.27246296,.30905688,.32867125,.3575404
10380,"Aguadilla-Isabela, PR",.31971082,.32868046,.385304,.36309057
10420,"Akron, OH",.31823412,.39422074,.36687246,.44169754
10500,"Albany, GA",.27158603,.31853244,.31485352,.36687845
10540,"Albany, OR",.22239512,.24164519,.27380314,.29124367
10580,"Albany-Schenectady-Troy, NY",.36932078,.44743568,.424283,.49190852
10740,"Albuquerque, NM",.3213281,.41661993,.35720241,.44349107
10780,"Alexandria, LA",.25201264,.28886458,.30110911,.33358815
10900,"Allentown-Bethlehem-Easton, PA-NJ",.26702428,.33526921,.32324323,.38200048
11020,"Altoona, PA",.22866811,.27055547,.28467274,.32292062
11100,"Amarillo, TX",.27327612,.32389587,.32019514,.36323431
11180,"Ames, IA",.30733138,.40163776,.36483634,.45461854
11260,"Anchorage, AK",.31688967,.39055315,.37114996,.44523495
11460,"Ann Arbor, MI",.39217666,.47228894,.4488267,.4869498
11500,"Anniston-Oxford-Jacksonville, AL",.20440839,.24566156,.24739432,.283943
11540,"Appleton, WI",.29332155,.35994455,.32069758,.38529652
11640,"Arecibo, PR",.24304865,.22113031,.30338928,.285905
11700,"Asheville, NC",.22882566,.26964962,.27794152,.31634319
12020,"Athens-Clarke County, GA",.27503628,.33523348,.34712631,.40519637
12060,"Atlanta-Sandy Springs-Roswell, GA",.35666603,.49576303,.40385821,.53915775
12100,"Atlantic City-Hammonton, NJ",.23016249,.30331406,.31230041,.36562926
12220,"Auburn-Opelika, AL",.22107916,.28251991,.28019658,.33848035
12260,"Augusta-Richmond County, GA-SC",.26595157,.33461559,.30150679,.35787222
12420,"Austin-Round Rock, TX",.39755037,.52127868,.45512399,.57666129
12540,"Bakersfield, CA",.24432419,.31218782,.29072604,.35714224
12580,"Baltimore-Columbia-Towson, MD",.35200542,.46967423,.4155007,.52644682
12940,"Baton Rouge, LA",.25683343,.32415456,.30453247,.35679933
12980,"Battle Creek, MI",.26593491,.33650032,.29806584,.35238397
13020,"Bay City, MI",.20659722,.24416237,.26032704,.29734078
13140,"Beaumont-Port Arthur, TX",.25647792,.30148351,.30156973,.33036759
13220,"Beckley, WV",.18212405,.23265944,.2378965,.29383785
13380,"Bellingham, WA",.28736007,.34359622,.33680251,.37612796
13460,"Bend-Redmond, OR",.2822699,.33889672,.33221695,.3842653
13740,"Billings, MT",.27161101,.31679907,.33685398,.37885228
13780,"Binghamton, NY",.30214229,.36203703,.34981284,.39644367
13820,"Birmingham-Hoover, AL",.29884958,.38673604,.34709781,.44548419
13900,"Bismarck, ND",.31134871,.37883413,.37784684,.42710263
13980,"Blacksburg-Christiansburg-Radford, VA",.24917877,.33297387,.29663071,.35563603
14010,"Bloomington, IL",.31589025,.40556529,.39406082,.45647529
14020,"Bloomington, IN",.24744318,.3343347,.31074828,.39239019
14100,"Bloomsburg-Berwick, PA",.26404676,.30661353,.30329797,.33067557
14260,"Boise City, ID",.31831571,.3940745,.36559424,.43833736
14500,"Boulder, CO",.43129793,.57092148,.48474351,.61478943
14540,"Bowling Green, KY",.23447031,.28097332,.28206563,.32558066
14740,"Bremerton-Silverdale, WA",.28252414,.34823465,.31175879,.34425002
15180,"Brownsville-Harlingen, TX",.25531706,.26489711,.30608734,.31644228
15260,"Brunswick, GA",.24964367,.32147658,.29583165,.37680805
15380,"Buffalo-Cheektowaga-Niagara Falls, NY",.3167901,.38766649,.37684783,.43951178
15500,"Burlington, NC",.19653264,.2714473,.24157783,.32238665
15680,"California-Lexington Park, MD",.54770792,.75574148,.51891726,.68906873
15940,"Canton-Massillon, OH",.24656302,.28945863,.30344361,.33738163
15980,"Cape Coral-Fort Myers, FL",.23383056,.29604116,.28104809,.34265724
16020,"Cape Girardeau, MO-IL",.23614335,.28795466,.29438105,.34754267
16060,"Carbondale-Marion, IL",.2718322,.28920606,.33472568,.34047267
16180,"Carson City, NV",.32205141,.42105901,.37266412,.46918952
16220,"Casper, WY",.2088577,.29577693,.27477163,.35980937
16300,"Cedar Rapids, IA",.34184426,.4455798,.38302651,.47254372
16540,"Chambersburg-Waynesboro, PA",.21368144,.26543382,.26416573,.30643332
16580,"Champaign-Urbana, IL",.31590319,.38879833,.38203219,.43962622
16620,"Charleston, WV",.29985622,.37337601,.36730754,.4355419
16700,"Charleston-North Charleston, SC",.28707051,.36801305,.33705798,.40912122
16740,"Charlotte-Concord-Gastonia, NC-SC",.32954726,.4663735,.37868536,.5115307
16820,"Charlottesville, VA",.31150833,.4031747,.37483799,.47524747
16860,"Chattanooga, TN-GA",.27364412,.35716042,.31837744,.39439443
16940,"Cheyenne, WY",.29543009,.36313167,.3659654,.43445104
16980,"Chicago-Naperville-Elgin, IL-IN-WI",.33973619,.44786832,.39180052,.49589816
17020,"Chico, CA",.27392867,.30926758,.31886956,.34933722
17140,"Cincinnati, OH-KY-IN",.31457672,.41423383,.36198092,.45618263
17300,"Clarksville, TN-KY",.25851533,.30154297,.29801679,.34227738
17420,"Cleveland, TN",.24982542,.30903992,.31311727,.36334869
17460,"Cleveland-Elyria, OH",.31750074,.4021273,.3654854,.44317737
17660,"Coeur d'Alene, ID",.25866383,.30182275,.29955557,.34314916
17780,"College Station-Bryan, TX",.35233587,.42978448,.42090797,.45651954
17820,"Colorado Springs, CO",.36108276,.4663882,.40308225,.50151491
17860,"Columbia, MO",.27529389,.35276058,.33865142,.40644845
17900,"Columbia, SC",.3102341,.39495081,.36856678,.44911692
17980,"Columbus, GA-AL",.3130503,.4157635,.3517563,.45372504
18020,"Columbus, IN",.23739773,.30602479,.26334548,.3350988
18140,"Columbus, OH",.34627905,.44996524,.3954353,.49789947
18580,"Corpus Christi, TX",.25577381,.30370814,.31022996,.34816521
18700,"Corvallis, OR",.33020416,.42014483,.39926612,.48938054
18880,"Crestview-Fort Walton Beach-Destin, FL",.29257396,.41137466,.32572564,.43272468
19060,"Cumberland, MD-WV",.2159169,.2495884,.27051818,.30537957
19100,"Dallas-Fort Worth-Arlington, TX",.34575835,.46431294,.39693448,.51277018
19140,"Dalton, GA",.18415296,.26577631,.21352957,.29899439
19180,"Danville, IL",.2729114,.29558307,.3065508,.31886387
19300,"Daphne-Fairhope-Foley, AL",.1764939,.2290218,.23174872,.28769019
19340,"Davenport-Moline-Rock Island, IA-IL",.31004429,.39898202,.34956712,.42770651
19380,"Dayton, OH",.32432526,.41691485,.36237553,.44293746
19460,"Decatur, AL",.20046784,.26173639,.24281776,.30145735
19500,"Decatur, IL",.25987801,.32514477,.2963607,.3421002
19660,"Deltona-Daytona Beach-Ormond Beach, FL",.25670928,.31427589,.31015232,.35761163
19740,"Denver-Aurora-Lakewood, CO",.3743498,.50087583,.42583242,.54984295
19780,"Des Moines-West Des Moines, IA",.3752175,.48650342,.42664063,.53014994
19820,"Detroit-Warren-Dearborn, MI",.32424751,.43224531,.35065165,.44599846
20020,"Dothan, AL",.19694568,.24327964,.24625178,.29699299
20100,"Dover, DE",.25415933,.31815681,.30486917,.37138954
20220,"Dubuque, IA",.31297672,.37436256,.34789139,.39925113
20260,"Duluth, MN-WI",.26770693,.31199023,.30951229,.347123
20500,"Durham-Chapel Hill, NC",.41275987,.52036542,.45957696,.57052588
20700,"East Stroudsburg, PA",.22187363,.23879801,.28013471,.30281478
20740,"Eau Claire, WI",.27712199,.32579857,.30554214,.35095063
20940,"El Centro, CA",.22491296,.25206363,.28689581,.32677534
21060,"Elizabethtown-Fort Knox, KY",.30357519,.37789562,.34226704,.40032881
21140,"Elkhart-Goshen, IN",.18283184,.23726732,.21630467,.26277831
21300,"Elmira, NY",.20536025,.26295757,.24755412,.30761611
21340,"El Paso, TX",.29758063,.34773588,.34833768,.38792619
21420,"Enid, OK",.22670059,.2833626,.28672192,.32929733
21500,"Erie, PA",.24543543,.29389223,.29481268,.33592576
21660,"Eugene, OR",.28670657,.34700429,.34138468,.39282721
21780,"Evansville, IN-KY",.24462347,.30506468,.28743854,.33877203
21820,"Fairbanks, AK",.30431253,.33576667,.37199977,.39965317
22020,"Fargo, ND-MN",.31624398,.4031021,.37319818,.4489179
22140,"Farmington, NM",.21131162,.22925924,.26555133,.27353746
22180,"Fayetteville, NC",.26853907,.34321123,.32274923,.3869625
22220,"Fayetteville-Springdale-Rogers, AR-MO",.30760106,.43046272,.36532432,.48063016
22380,"Flagstaff, AZ",.25301144,.32890993,.30860171,.38721773
22420,"Flint, MI",.2535544,.295344,.30078515,.34073025
22500,"Florence, SC",.2301451,.28915721,.27805755,.33905542
22520,"Florence-Muscle Shoals, AL",.21173815,.24818482,.25456104,.28966284
22540,"Fond du Lac, WI",.23395444,.32058883,.277311,.35256261
22660,"Fort Collins, CO",.31340542,.40065864,.36465126,.43932381
22900,"Fort Smith, AR-OK",.23027444,.29224509,.28420717,.34204745
23060,"Fort Wayne, IN",.26707259,.35065696,.31005374,.38711464
23420,"Fresno, CA",.27334729,.32261312,.31901005,.36268142
23460,"Gadsden, AL",.15603113,.20541665,.20780501,.25658065
23540,"Gainesville, FL",.2845985,.3522273,.33674473,.40272713
23580,"Gainesville, GA",.24043915,.31962284,.2779603,.35922897
23900,"Gettysburg, PA",.18949597,.22260477,.24415767,.28459516
24020,"Glens Falls, NY",.25983703,.28079259,.31260541,.3201665
24140,"Goldsboro, NC",.17673251,.24385422,.24402,.3230302
24220,"Grand Forks, ND-MN",.25476736,.30653515,.31076932,.35273299
24260,"Grand Island, NE",.2546168,.28672221,.31317815,.3432382
24300,"Grand Junction, CO",.25019151,.28229931,.30533361,.34326184
24340,"Grand Rapids-Wyoming, MI",.26677683,.3491981,.29494813,.37401992
24420,"Grants Pass, OR",.23359375,.26199165,.27741706,.3132793
24500,"Great Falls, MT",.27092353,.29660368,.35510203,.37385404
24540,"Greeley, CO",.25570545,.30535832,.31712717,.35681316
24580,"Green Bay, WI",.30152082,.36587563,.34536955,.40876964
24660,"Greensboro-High Point, NC",.2749936,.37066185,.31997371,.40691423
24780,"Greenville, NC",.23758149,.31928006,.28743246,.36353299
24860,"Greenville-Anderson-Mauldin, SC",.27526933,.36425245,.31149352,.38449478
25020,"Guayama, PR",.23848684,.22764567,.27538076,.25191954
25060,"Gulfport-Biloxi-Pascagoula, MS",.24150307,.29286602,.29836509,.33133119
25180,"Hagerstown-Martinsburg, MD-WV",.25126317,.3052913,.30157906,.35840461
25220,"Hammond, LA",.21578415,.25823435,.27938116,.31624508
25260,"Hanford-Corcoran, CA",.23970826,.24923512,.29033211,.29712373
25420,"Harrisburg-Carlisle, PA",.32349467,.42247415,.38510406,.48745069
25500,"Harrisonburg, VA",.24718574,.27414089,.29589379,.3294217
25620,"Hattiesburg, MS",.25052422,.28351903,.29468331,.33258033
25860,"Hickory-Lenoir-Morganton, NC",.20109774,.25540525,.23653851,.28725985
25940,"Hilton Head Island-Bluffton-Beaufort, SC",.20242214,.27150485,.25485301,.31991374
25980,"Hinesville, GA",.26628107,.28784162,.30540857,.33450833
26140,"Homosassa Springs, FL",.18439174,.24195179,.2568717,.30597329
26300,"Hot Springs, AR",.200555,.22875041,.24058945,.27375662
26380,"Houma-Thibodaux, LA",.2191426,.26602289,.26925623,.30297536
26420,"Houston-The Woodlands-Sugar Land, TX",.31743258,.42440853,.37326643,.48016521
26580,"Huntington-Ashland, WV-KY-OH",.23073733,.26508439,.28295794,.3069582
26620,"Huntsville, AL",.40514109,.5850355,.41486892,.56752485
26820,"Idaho Falls, ID",.32024261,.3837491,.34894282,.40118551
26900,"Indianapolis-Carmel-Anderson, IN",.31272539,.4090918,.35959107,.45413646
26980,"Iowa City, IA",.29008862,.35104591,.36121973,.42972472
27060,"Ithaca, NY",.3544502,.45513558,.41638419,.49601236
27100,"Jackson, MI",.29569119,.40103766,.32452288,.42001873
27140,"Jackson, MS",.29780158,.36943841,.35386786,.42772666
27180,"Jackson, TN",.23080856,.26938289,.30233216,.32931677
27260,"Jacksonville, FL",.31392929,.40762556,.36613652,.46043634
27340,"Jacksonville, NC",.22761485,.27445671,.25546068,.3171832
27500,"Janesville-Beloit, WI",.27125108,.31709501,.30562428,.35030547
27620,"Jefferson City, MO",.34570253,.42167452,.40289593,.46687266
27740,"Johnson City, TN",.25007829,.307318,.30309084,.36187345
27780,"Johnstown, PA",.2651937,.31610015,.32499018,.36932415
27860,"Jonesboro, AR",.21591391,.25361294,.27824724,.31688547
27900,"Joplin, MO",.22722319,.2663022,.2768456,.29780418
27980,"Kahului-Wailuku-Lahaina, HI",.19003266,.22623667,.2265799,.25643194
28020,"Kalamazoo-Portage, MI",.27961016,.35184675,.32143331,.38785452
28100,"Kankakee, IL",.21985066,.25413939,.27724481,.29689351
28140,"Kansas City, MO-KS",.34792081,.4454512,.39479804,.48864263
28420,"Kennewick-Richland, WA",.27111742,.33908379,.31663498,.35940728
28660,"Killeen-Temple, TX",.30000001,.33442914,.36031473,.38821179
28700,"Kingsport-Bristol-Bristol, TN-VA",.24874286,.32238421,.28158811,.34237808
28740,"Kingston, NY",.27460095,.30111599,.33760926,.35644352
28940,"Knoxville, TN",.29700688,.38854551,.34945592,.42547292
29020,"Kokomo, IN",.22189923,.2752988,.23751345,.26009741
29100,"La Crosse-Onalaska, WI-MN",.28367144,.34944367,.32613766,.37473899
29180,"Lafayette, LA",.24472776,.31087083,.30385208,.36816373
29200,"Lafayette-West Lafayette, IN",.24439952,.3016296,.29385796,.34215236
29340,"Lake Charles, LA",.21407752,.29567829,.25688434,.32198793
29420,"Lake Havasu City-Kingman, AZ",.2123618,.24755459,.27205974,.30285826
29460,"Lakeland-Winter Haven, FL",.26082939,.3150284,.31366169,.36554962
29540,"Lancaster, PA",.24055651,.30670777,.29463229,.35845444
29620,"Lansing-East Lansing, MI",.36431348,.44880426,.40994588,.49284297
29700,"Laredo, TX",.26591164,.30128995,.33681896,.37159777
29740,"Las Cruces, NM",.30582881,.3728475,.34512526,.40245411
29820,"Las Vegas-Henderson-Paradise, NV",.23964137,.32357496,.30407009,.37342075
29940,"Lawrence, KS",.30184817,.36799163,.350474,.40940413
30020,"Lawton, OK",.26654515,.32688621,.34411854,.38242462
30140,"Lebanon, PA",.20704713,.2296679,.25906166,.28456482
30300,"Lewiston, ID-WA",.22166246,.23441455,.27285117,.27638942
30460,"Lexington-Fayette, KY",.26912341,.34080881,.30464965,.36847436
30620,"Lima, OH",.19525893,.22071144,.23502064,.25246018
30700,"Lincoln, NE",.33379105,.40259266,.39048916,.46179909
30780,"Little Rock-North Little Rock-Conway, AR",.30751234,.38509184,.36560059,.44196075
30860,"Logan, UT-ID",.33831605,.37795717,.3838523,.41451836
30980,"Longview, TX",.25540122,.30825719,.31459692,.36577541
31020,"Longview, WA",.21785598,.24812129,.27162057,.28629851
31080,"Los Angeles-Long Beach-Anaheim, CA",.33373454,.44738179,.39088523,.50535589
31140,"Louisville/Jefferson County, KY-IN",.28331485,.37246373,.33010104,.41375494
31180,"Lubbock, TX",.28120643,.34272766,.33995634,.39429203
31340,"Lynchburg, VA",.25989035,.3367635,.30855089,.37984034
31420,"Macon, GA",.28446573,.36960289,.33681262,.42105669
31460,"Madera, CA",.19255288,.23905964,.23706755,.29431245
31540,"Madison, WI",.38297972,.46685943,.42545289,.512532
31740,"Manhattan, KS",.30176511,.37239885,.35826859,.41768038
31860,"Mankato-North Mankato, MN",.25985584,.32786039,.30022326,.35807416
31900,"Mansfield, OH",.20299301,.23869713,.24868755,.28929344
32420,"Mayaguez, PR",.25746435,.23814669,.32028919,.31165686
32580,"McAllen-Edinburg-Mission, TX",.25452441,.2753647,.29697475,.30698913
32780,"Medford, OR",.2583757,.30176851,.31357661,.35080349
32820,"Memphis, TN-MS-AR",.2602374,.34014583,.31813696,.3973625
32900,"Merced, CA",.24273875,.27116239,.29579562,.33159253
33100,"Miami-Fort Lauderdale-West Palm Beach, FL",.31448448,.40740648,.3670482,.46962363
33140,"Michigan City-La Porte, IN",.22117449,.25546363,.2581183,.30922475
33220,"Midland, MI",.3081646,.41042456,.36641955,.47104606
33260,"Midland, TX",.23858714,.3602795,.31079128,.45006192
33340,"Milwaukee-Waukesha-West Allis, WI",.32395992,.42956898,.36482447,.46419871
33460,"Minneapolis-St. Paul-Bloomington, MN-WI",.36763227,.47622299,.41136688,.51238036
33540,"Missoula, MT",.28191999,.33771703,.35088956,.39807907
33660,"Mobile, AL",.24979036,.33998099,.30248636,.39268759
33700,"Modesto, CA",.24801552,.28783533,.30633941,.3433843
33740,"Monroe, LA",.23971331,.29752299,.30708012,.36061755
33780,"Monroe, MI",.26368517,.34763196,.31968281,.39080977
33860,"Montgomery, AL",.28549942,.3871859,.33606979,.43529585
34060,"Morgantown, WV",.22701259,.32971185,.29491743,.39385688
34100,"Morristown, TN",.19524617,.2218056,.23747069,.25743532
34580,"Mount Vernon-Anacortes, WA",.24356662,.27726901,.28708127,.30309933
34620,"Muncie, IN",.27243227,.34971789,.32223454,.39662257
34740,"Muskegon, MI",.20719473,.26593983,.23267305,.28115052
34820,"Myrtle Beach-Conway-North Myrtle Beach, SC-NC",.18870682,.24616851,.23949762,.29040796
34900,"Napa, CA",.2240888,.31304055,.26811585,.36613354
34940,"Naples-Immokalee-Marco Island, FL",.2173913,.28339964,.2681154,.3334007
34980,"Nashville-Davidson--Murfreesboro--Franklin, TN",.30752152,.40069273,.36409286,.45780593
35100,"New Bern, NC",.24746436,.32045582,.28348973,.34176874
35380,"New Orleans-Metairie, LA",.27050275,.35226095,.32029042,.40050876
35620,"New York-Newark-Jersey City, NY-NJ-PA",.35236636,.4659619,.41956478,.53913975
35660,"Niles-Benton Harbor, MI",.25128433,.32533857,.2792564,.34913474
35840,"North Port-Sarasota-Bradenton, FL",.2582643,.33641356,.30832794,.39036193
36100,"Ocala, FL",.20209664,.26949722,.24289994,.31606284
36140,"Ocean City, NJ",.19445275,.22584306,.25470829,.28466079
36220,"Odessa, TX",.20088267,.26529139,.26048112,.3278093
36260,"Ogden-Clearfield, UT",.33691397,.43255445,.35278675,.4294838
36420,"Oklahoma City, OK",.32024133,.40652001,.37340865,.46068013
36500,"Olympia-Tumwater, WA",.3852973,.4797588,.44053987,.51748711
36540,"Omaha-Council Bluffs, NE-IA",.34043512,.42004812,.38899702,.4640663
36740,"Orlando-Kissimmee-Sanford, FL",.30913433,.40698722,.3507984,.44835913
36780,"Oshkosh-Neenah, WI",.29386073,.36823598,.31724948,.38627639
36980,"Owensboro, KY",.2110448,.24201423,.25425699,.27409276
37100,"Oxnard-Thousand Oaks-Ventura, CA",.31395799,.41939071,.36002243,.45664853
37340,"Palm Bay-Melbourne-Titusville, FL",.3318105,.44749898,.36454308,.46937463
37460,"Panama City, FL",.27824324,.34998384,.31020617,.37866318
37620,"Parkersburg-Vienna, WV",.24614441,.36920315,.30350935,.4280656
37860,"Pensacola-Ferry Pass-Brent, FL",.29036233,.35213703,.33499542,.39884046
37900,"Peoria, IL",.32186326,.40816802,.35138768,.4142206
37980,"Philadelphia-Camden-Wilmington, PA-NJ-DE-MD",.34188336,.43942869,.40106103,.49999312
38060,"Phoenix-Mesa-Scottsdale, AZ",.34667766,.44133058,.38884294,.48088622
38220,"Pine Bluff, AR",.22101925,.23011872,.27546775,.28314459
38300,"Pittsburgh, PA",.31597543,.3994509,.36815506,.45329663
38540,"Pocatello, ID",.25782228,.31928506,.2983416,.35230783
38660,"Ponce, PR",.2632167,.27306798,.31559691,.31274661
38900,"Portland-Vancouver-Hillsboro, OR-WA",.34609646,.43952808,.39116162,.47749302
38940,"Port St. Lucie, FL",.27235156,.32606894,.32723862,.38467833
39140,"Prescott, AZ",.2412013,.28540659,.29817891,.33618376
39340,"Provo-Orem, UT",.39045295,.49995038,.42573538,.53445166
39380,"Pueblo, CO",.23212163,.25160402,.27505085,.29389712
39460,"Punta Gorda, FL",.17911726,.22914267,.22786549,.27741969
39540,"Racine, WI",.23774509,.3195897,.26775187,.34069699
39580,"Raleigh, NC",.35944811,.49456331,.41300467,.54099578
39660,"Rapid City, SD",.23685537,.2853744,.28334743,.32253391
39740,"Reading, PA",.26327392,.33007059,.31614298,.37022027
39820,"Redding, CA",.26435575,.30473611,.31896758,.35356098
39900,"Reno, NV",.2589801,.34564951,.30929998,.38923916
40060,"Richmond, VA",.33731318,.45246115,.38674715,.50246274
40140,"Riverside-San Bernardino-Ontario, CA",.248191,.30152175,.30143875,.3496232
40220,"Roanoke, VA",.26184613,.32308793,.31594259,.37510112
40340,"Rochester, MN",.24306482,.30965853,.29439834,.34877658
40380,"Rochester, NY",.33922747,.40852714,.39265522,.45416301
40420,"Rockford, IL",.25203148,.30058146,.29251796,.32495639
40580,"Rocky Mount, NC",.22235194,.26582471,.25984055,.30102256
40660,"Rome, GA",.22382703,.28373984,.27734238,.33074236
40900,"Sacramento--Roseville--Arden-Arcade, CA",.3502709,.44375852,.40342751,.4892731
40980,"Saginaw, MI",.23427187,.28549826,.27311924,.32497358
41060,"St. Cloud, MN",.26321632,.30679321,.31593502,.3506667
41100,"St. George, UT",.23523147,.29471567,.28970098,.35072196
41140,"St. Joseph, MO-KS",.25756466,.29912418,.30387238,.33971831
41180,"St. Louis, MO-IL",.32588252,.41826496,.37592381,.46641737
41420,"Salem, OR",.29286161,.35281464,.35163167,.40096799
41500,"Salinas, CA",.21735431,.30006251,.25850368,.33795309
41540,"Salisbury, MD-DE",.20514016,.26407132,.26163441,.32054874
41620,"Salt Lake City, UT",.39780337,.48986137,.43339336,.52558041
41660,"San Angelo, TX",.27410376,.31661162,.33316553,.38073868
41700,"San Antonio-New Braunfels, TX",.3269262,.41764671,.37705666,.4631488
41740,"San Diego-Carlsbad, CA",.3477357,.45893136,.39516366,.50030339
41860,"San Francisco-Oakland-Hayward, CA",.39781314,.53622544,.44755739,.5840202
41900,"San German, PR",.17554858,.14243361,.2310167,.20972748
41940,"San Jose-Sunnyvale-Santa Clara, CA",.47426072,.63637751,.51112145,.66457206
41980,"San Juan-Carolina-Caguas, PR",.32195482,.39223593,.37919334,.4442105
42020,"San Luis Obispo-Paso Robles-Arroyo Grande, CA",.25224799,.32955092,.3068558,.36732909
42100,"Santa Cruz-Watsonville, CA",.2935839,.39231578,.34384391,.43725133
42140,"Santa Fe, NM",.33923164,.43170851,.39852861,.49008697
42200,"Santa Maria-Santa Barbara, CA",.3003574,.41439411,.35734001,.45858055
42220,"Santa Rosa, CA",.28310573,.3749643,.33938694,.42393923
42340,"Savannah, GA",.25080073,.3287355,.3030524,.36976883
42540,"Scranton--Wilkes-Barre--Hazleton, PA",.24909435,.30590999,.30106217,.35706991
42660,"Seattle-Tacoma-Bellevue, WA",.37474459,.49018329,.42281505,.53369951
42680,"Sebastian-Vero Beach, FL",.23924349,.29655632,.29237634,.36039153
42700,"Sebring, FL",.21527778,.21369685,.28824487,.29403579
43100,"Sheboygan, WI",.2467314,.33989111,.27550825,.35662973
43300,"Sherman-Denison, TX",.25330776,.27163905,.29935434,.3038756
43340,"Shreveport-Bossier City, LA",.24113959,.28996527,.29716572,.3393575
43420,"Sierra Vista-Douglas, AZ",.35984993,.46716473,.41075763,.49797595
43580,"Sioux City, IA-NE-SD",.23079897,.27648738,.27335745,.32779449
43620,"Sioux Falls, SD",.29081249,.36277238,.34037104,.40788794
43780,"South Bend-Mishawaka, IN-MI",.27566135,.34196228,.32677719,.38517532
43900,"Spartanburg, SC",.2362117,.30303571,.27095395,.32709742
44060,"Spokane-Spokane Valley, WA",.28824699,.34493747,.34154212,.38370025
44100,"Springfield, IL",.38129437,.46403995,.42916358,.49849075
44180,"Springfield, MO",.28283477,.34036371,.33333564,.38588983
44220,"Springfield, OH",.23694029,.2833592,.29054794,.33243307
44300,"State College, PA",.29183468,.36360225,.36125666,.42701855
44420,"Staunton-Waynesboro, VA",.22543751,.26315528,.28577051,.32333127
44700,"Stockton-Lodi, CA",.22769897,.27840576,.28545684,.32741696
44940,"Sumter, SC",.22416908,.28086683,.27269158,.33070678
45060,"Syracuse, NY",.32639894,.39347753,.38042909,.4399682
45220,"Tallahassee, FL",.38014126,.44594127,.43416938,.49343306
45300,"Tampa-St. Petersburg-Clearwater, FL",.34797734,.43807134,.39938056,.49317366
45460,"Terre Haute, IN",.2212273,.24653159,.26568964,.2922712
45500,"Texarkana, TX-AR",.23841801,.25641912,.29689381,.31172878
45540,"The Villages, FL",.14732754,.22181602,.19269684,.27297512
45780,"Toledo, OH",.25834081,.31394958,.30763268,.35740691
45820,"Topeka, KS",.32149363,.39753208,.37747237,.44099402
45940,"Trenton, NJ",.42696351,.54826015,.49445292,.60267299
46060,"Tucson, AZ",.3300246,.40594903,.37286454,.4464902
46140,"Tulsa, OK",.29516971,.38411924,.35133934,.43774456
46220,"Tuscaloosa, AL",.22178003,.2819863,.26611057,.30648509
46340,"Tyler, TX",.2638205,.31061065,.32635415,.36476904
46520,"Urban Honolulu, HI",.30765802,.36239207,.35426629,.39880997
46540,"Utica-Rome, NY",.30828804,.35758936,.3710514,.40434927
46660,"Valdosta, GA",.21128754,.28460109,.28307438,.34262639
46700,"Vallejo-Fairfield, CA",.24401052,.30841136,.30010083,.35476646
47020,"Victoria, TX",.25128824,.26470685,.31288674,.33172381
47220,"Vineland-Bridgeton, NJ",.22530302,.23147467,.27818686,.2830539
47260,"Virginia Beach-Norfolk-Newport News, VA-NC",.30519652,.39614105,.34641182,.42769811
47300,"Visalia-Porterville, CA",.21882217,.27207389,.26936284,.32376823
47380,"Waco, TX",.29967549,.3680484,.3473382,.40433186
47460,"Walla Walla, WA",.28889835,.34419036,.3482103,.39794746
47580,"Warner Robins, GA",.33585522,.45605308,.35000509,.44824097
47900,"Washington-Arlington-Alexandria, DC-VA-MD-WV",.44660702,.59701127,.49770674,.64398098
47940,"Waterloo-Cedar Falls, IA",.26490468,.3123852,.30636242,.34740162
48060,"Watertown-Fort Drum, NY",.26954299,.2966409,.31780127,.3408525
48140,"Wausau, WI",.26594284,.32284588,.30669415,.36500844
48260,"Weirton-Steubenville, WV-OH",.20125729,.22695789,.25154513,.27379438
48300,"Wenatchee, WA",.19896594,.22785683,.24785352,.26920587
48540,"Wheeling, WV-OH",.22570416,.26422772,.28237721,.31416178
48620,"Wichita, KS",.29718778,.36983702,.33535591,.3976042
48660,"Wichita Falls, TX",.27085584,.31141201,.31768787,.35766387
48700,"Williamsport, PA",.2386073,.2954084,.29523155,.35392398
48900,"Wilmington, NC",.26419732,.35331386,.31352213,.40209645
49020,"Winchester, VA-WV",.23115605,.29355648,.27867803,.34275076
49180,"Winston-Salem, NC",.26187831,.35168767,.30600369,.38887295
49420,"Yakima, WA",.23297589,.25739917,.29090744,.30790058
49620,"York-Hanover, PA",.25058788,.32871148,.29218242,.36305711
49660,"Youngstown-Warren-Boardman, OH-PA",.24041753,.28764063,.28898236,.32354
49700,"Yuba City, CA",.24950467,.29240558,.31410834,.35860741
49740,"Yuma, AZ",.24496481,.27326667,.28302735,.31503668
70750,"Bangor, ME",.26170117,.29610863,.31269535,.34144187
70900,"Barnstable Town, MA",.24421783,.29427299,.31125712,.35548064
71650,"Boston-Cambridge-Nashua, MA-NH",.38872615,.50142014,.44353771,.55328661
71950,"Bridgeport-Stamford-Norwalk, CT",.36836004,.51833683,.4395192,.58285922
72400,"Burlington-South Burlington, VT",.3598876,.44955829,.39019921,.46076444
72850,"Danbury, CT",.31483126,.39926216,.36447257,.43969449
73050,"Dover-Durham, NH-ME",.30514878,.3770532,.37968665,.43045726
73450,"Hartford-West Hartford-East Hartford, CT",.37761199,.48062438,.43547434,.53337711
74500,"Leominster-Gardner, MA",.24486899,.28565538,.30467892,.34571725
74650,"Lewiston-Auburn, ME",.28531143,.31519419,.34115347,.36540416
74950,"Manchester, NH",.3406758,.43576771,.39278284,.48086736
75550,"New Bedford, MA",.24739446,.30138567,.30743423,.35313806
75700,"New Haven, CT",.30614942,.37781811,.37195748,.44189078
76450,"Norwich-New London-Westerly, CT-RI",.27369434,.34936818,.32455757,.39221317
76600,"Pittsfield, MA",.28019553,.35476792,.32932425,.40501913
76750,"Portland-South Portland, ME",.34153235,.44550616,.38491789,.48178625
76900,"Portsmouth, NH-ME",.34686559,.47694239,.38581532,.49350968
77200,"Providence-Warwick, RI-MA",.31182271,.39236581,.36166343,.44020227
78100,"Springfield, MA-CT",.30223149,.35632816,.35325184,.40119877
78700,"Waterbury, CT",.26051968,.30071828,.32638958,.35335523
79600,"Worcester, MA-CT",.31928214,.38053605,.36986655,.42283213
